timestamp,participant_id,Device,medium,input_method,prompt_text,participant_reply_text,llm_reply_text,final_reply_text,response_time_seconds,words_per_minute,keypress_count,backspace_count,paste_used,correction_applied,manual_edit_count,edit_ratio,keystrokes_per_character,backspaces_per_word,prompt_formality,prompt_id,prompt_formality_label,prompt_formality_confidence,reply_formality_label,reply_formality_confidence,llm_reply_formality_label,llm_reply_formality_confidence,final_reply_formality_label,final_reply_formality_confidence,revision_count,inserted_chars_est,deleted_chars_est,net_char_change,manual_edit_chars_after_transcript_est,edit_trace_path
2026-05-20T11:54:15,P003,mobile,Email,Typing,"From: advisor@example.com
Subject: Work environment

What type of environment helps you focus or work most effectively?",Quite and undisturbed,Thank you for sharing your preference. A quiet and undisturbed environment can be very beneficial for productivity.,Indeed,50.266,3.58,22,0,no,no,0,0.0,1.0476,0.0,formal,prompt_005,informal,0.93,formal,0.95,formal,1.0,formal,0.81,0,21,0,data/edit_traces/P003/4b688008-3af7-43fa-b96d-c135ac55a6b0.json,,
2026-05-20T11:56:46,P003,Mobile,Messenger,Typing,"So like, what's your favorite way of making the weekends pass?",BEER,Thanks for sharing! Enjoy responsibly.,Always,13.5059,4.44,6,0,no,no,0,0.0,1.5,0.0,formal,prompt_006,informal,0.86,informal,0.93,formal,0.97,informal,0.88,0,4,0,data/edit_traces/P003/583abf70-2f51-422f-b1a3-5d16b2864ffc.json,,
2026-05-20T12:00:33,P003,pc,Email,Typing,"From: friend@example.com
Subject: Useful random skill

What's some random thing you know how to do that actually comes in handy",I have no skill,Thank you for letting me know. Have a great day!,Surely,85.9216,2.79,20,2,no,no,2,0.1333,1.3333,0.5,formal,prompt_007,informal,1.0,informal,0.71,formal,0.98,informal,0.67,39,15,0,data/edit_traces/P003/89609c1b-c677-4737-a721-96826b4211c9.json,,
2026-05-20T12:03:21,P003,pc,Email,Typing,"From: friend@example.com
Subject: Apps you use most

What kinda of apps do you spend the most time on like texting?","Overall? Spotify, texting? Discord","Thanks for sharing, I appreciate it. Have a great day!",Thank you :(,82.9255,2.89,10,0,no,no,0,0.0,0.2941,0.0,formal,prompt_008,informal,1.0,formal,0.61,formal,0.99,informal,0.88,0,34,0,data/edit_traces/P003/edeea0da-87c2-4c87-8648-ddc311fda335.json,,
2026-05-20T12:05:34,P003,mobile,Messenger,Swipe typing,What's something people seem to enjoy that you just don't really get?,Soccer,Thank you for sharing. It's interesting how preferences can vary.,Truely,30.3049,1.98,3,1,no,no,1,0.1667,0.5,1.0,formal,prompt_009,informal,0.81,informal,0.85,formal,1.0,informal,0.9,1,6,0,data/edit_traces/P003/27052eb9-0773-46b9-9acb-e12ac079916f.json,,
2026-05-20T12:06:45,P003,mobile,Messenger,Typing,What's something you've always wanted to try but never got around to?,Learning piano,Thank you for sharing. Learning piano is a wonderful goal. Good luck with your musical endeavors!,Thanks?,15.4952,7.74,14,0,no,no,0,0.0,1.0,0.0,formal,prompt_010,informal,0.89,informal,0.9,formal,1.0,formal,0.86,0,14,0,data/edit_traces/P003/f31252c5-4b17-4d3c-9a24-018f96759140.json,,
2026-05-20T11:12:41,P004,Mobile,Messenger,Typing,What's the latest thing you got kinda hooked on?,Skandiabanken sank,Thanks for sharing! Sounds interesting.,Skanningscentre,32.886,3.65,0,0,no,no,0,0.0,0.0,0.0,auto:unknown,prompt_015,informal,0.98,informal,0.93,formal,0.95,informal,0.58,0,18,0,data/edit_traces/P004/a1736ae1-4e3f-4959-ac8d-d36c1a7790c9.json,,
2026-05-20T11:14:56,P004,Mobile,Messenger,Swipe typing,What's something loads of people like that you just don't care about?,Annandale,Thanks for sharing,Salamanca lamb,10.998,5.46,0,0,no,no,0,0.0,0.0,0.0,auto:unknown,prompt_011,informal,0.95,informal,0.81,informal,0.96,informal,0.85,0,9,0,data/edit_traces/P004/f2f841b3-a441-444c-9066-299094f8bbd4.json,,
2026-05-20T11:18:44,P004,Mobile,Email,Swipe typing,"From: noreply@example.com
Subject: Quick Question

What's something you've been meaning to try for ages but still haven't?",To try high jump,Thanks for sharing! High jump sounds like a fun challenge to tackle.,Yes that's true,87.738,2.74,16,0,no,no,0,0.0,1.0,0.0,auto:unknown,prompt_012,informal,0.98,informal,0.96,formal,0.93,informal,0.74,0,16,0,data/edit_traces/P004/fb492f1e-4b07-4411-ba5b-b482d01c035c.json,,
2026-05-20T11:21:09,P004,Mobile,Email,Typing,"From: noreply@example.com
Subject: Quick question

What's one thing you go on and on about without getting bored over it?",Watching TV and listening to music,"Thanks for sharing, sounds like you really enjoy your TV shows and music",Because I love those two,65.905,5.46,18,0,no,no,0,0.0,0.5294,0.0,auto:unknown,prompt_013,informal,0.99,informal,0.97,informal,0.95,informal,0.74,3,34,0,data/edit_traces/P004/9488ce67-4cdc-4d44-bc85-267dc5296e72.json,,
2026-05-20T11:24:30,P004,PC,Messenger,Typing,What do you usually end up doing when you've got nothing going on?,simply go to bed,"Thanks for sharing, sometimes a good nap does wonders",see you bye,18.834,12.74,19,1,no,no,1,0.0625,1.1875,0.25,informal,prompt_014,informal,0.62,formal,0.54,informal,0.97,informal,0.97,1,16,0,data/edit_traces/P004/b0b2771d-d2c3-4de8-bbd0-089c48679a85.json,,
2026-05-20T11:26:36,P004,PC,Email,Typing,"From: noreply@example.com
Subject: Quick question

What's the latest thing you got kinda hooked on?",Hangout with friends,Nice choice! Hanging out with friends is always a good time. Thanks for sharing.,my pleasure,48.043,3.75,31,7,no,no,7,0.35,1.55,2.3333,informal,prompt_015,informal,1.0,informal,0.84,formal,0.98,formal,0.68,7,20,0,data/edit_traces/P004/1215db5d-aab5-4fcd-a39e-084a904b4584.json,,
2026-05-20T13:31:51,P005,pc,Email,Typing,"From: someone@example.com
Subject: Future travel plans

What is a place you would like to visit in the future, and what attracts you to it?",I'd like to visit Amsterdam in the future as it seems like a genuinely interesting city to me.,Thank you for sharing your interest in visiting Amsterdam. It's a wonderful choice with its rich history and vibrant culture.,I agree. Thanks for chatting.,86.098,12.54,110,7,no,no,7,0.0745,1.1702,0.3889,formal,prompt_001,formal,0.98,formal,1.0,formal,1.0,formal,0.96,7,94,0,data/edit_traces/P004/65953a29-b62a-4d8a-8eba-92391f715ab3.json,,
2026-05-20T13:34:24,P005,pc,Messenger,Typing,What role do routines play in your daily life?,They help me be more productive,Thanks for sharing. Routines can definitely boost productivity.,No problem,44.509,8.09,179,21,no,no,21,0.6774,5.7742,3.5,formal,prompt_002,formal,0.95,informal,0.86,formal,0.99,informal,0.97,77,31,0,data/edit_traces/P004/c6318e10-b730-4fe6-9bc9-48904fe72e1a.json,,
2026-05-20T13:37:19,P005,mobile,Email,Swipe Typing,"From: friend@example.com
Subject: Making people laugh

Hey! I was wondering you had any tips on how to get som laughs out of people",I think using contextual chia for making jokes is very helpful,Thank you for the suggestion! Contextual chia can indeed add a lot of humor to jokes.,I mest cues but that was a funny answer as well,31.6983,20.82,12,0,no,no,0,0.0,0.1935,0.0,formal,prompt_019,informal,0.91,informal,0.54,formal,1.0,informal,0.96,1,62,0,data/edit_traces/P005/ad86b2a5-8dd5-4c08-ab28-21f468f7dd15.json,,
2026-05-20T13:38:15,P005,mobile,Email,Swipe Typing,"From: friend@example.com
Subject: Making people laugh

Hey! I was wondering you had any tips on how to get som laughs out of people",I mest cues but that was a funny answer as well,,,87.1327,7.57,26,5,no,no,5,0.1064,0.5532,0.4545,formal,prompt_019,informal,0.91,informal,0.96,formal,0.65,formal,0.65,77,47,0,data/edit_traces/P005/f30be784-f358-4c0b-9604-5a6e3e04f866.json,,
2026-05-20T13:39:36,P005,mobile,Messenger,Typing,What do you usually end up doing when you've got nothing going on?,I usually trend towards either reading or listening to music when there is nothing else to do,Thank you for sharing. Reading and listening to music are great ways to unwind and relax.,Yes. Great that we agree,45.7431,22.3,19,0,no,no,0,0.0,0.2043,0.0,formal,prompt_015,informal,0.62,formal,0.83,formal,1.0,informal,0.73,3,93,0,data/edit_traces/P005/de6142f6-3d8b-4048-842d-bb81ac6fed03.json,,
2026-05-20T13:42:09,P005,mobile,Email,Typing,"From: friend@example.com
Subject: Not your thing

What's something loads of people like that you just don't care about?",Im not a huge fan of large sports events,Thanks for sharing. I understand the sentiment towards large sports events.,Great.,30.2811,17.83,54,7,no,no,7,0.175,1.35,0.7778,formal,prompt_012,informal,1.0,informal,1.0,formal,1.0,formal,0.98,7,40,0,data/edit_traces/P005/dcb9069a-f1f5-4a6e-9658-bbad74c069b3.json,,
2026-05-20T13:43:41,P005,mobile,Messenger,Swipe Typing,What's a small thing that gets you amped up?,Eating noices are very annoying to me,Thank you for sharing your perspective on that.,No problem,37.0061,11.35,54,10,no,no,10,0.2703,1.4595,1.4286,formal,prompt_018,informal,0.52,informal,0.9,formal,0.99,informal,0.97,16,37,0,data/edit_traces/P005/cf3d0434-a88a-46a1-b93a-2ce24c24a3b1.json,,
2026-05-20T11:31:36,P006,Mobile,Email,Swipe typing,"From: noreply@example.com
Subject: Quick question

What apps are you on the most besides you know like, texting people?","Primarily discord, YouTube, and sometimes reddit",Thanks for sharing! Those are some great choices. Have a great day!,You too,42.8097,8.41,86,2,no,no,2,0.0417,1.7917,0.3333,informal,prompt_010,informal,0.97,formal,0.59,formal,0.99,informal,0.97,8,48,0,data/edit_traces/P006/48d3d852-d771-4f8c-aa1f-0f7aa15fecee.json,,
2026-05-20T11:33:33,P006,Mobile,Messenger,Swipe typing,"What apps are you on the most besides you know like, texting people?",I like browsing twitch streams sometimes.,"Nice, Twitch is a fun choice! Thanks for sharing.",Beans,38.3851,9.38,41,0,no,no,0,0.0,1.0,0.0,informal,prompt_010,informal,0.81,formal,0.83,formal,0.94,informal,0.87,0,41,0,data/edit_traces/P006/97c101bd-4ad8-40ab-9298-43bcbd6a4b5a.json,,
2026-05-20T11:37:04,P006,Mobile,Email,Swipe typing,"From: noreply@example.com
Subject: Quick Question

What's something you've been meaning to try for ages but still haven't?",Cooking more sounds fun,Thanks for sharing! Cooking can be a great way to try new things. Let me know if you need any recipe recommendations,Yea go ahead,143.6613,1.67,58,19,no,no,19,0.8261,2.5217,4.75,informal,prompt_012,informal,0.98,informal,0.93,formal,0.92,informal,0.99,25,23,0,data/edit_traces/P006/8cae77ac-1d52-4539-b6ba-af4f975edac4.json,,
2026-05-20T11:39:03,P006,Mobile,Messenger,Swipe typing,What's one thing you go on and on about without getting bored over it?,Defined writing code on projects,Thanks for sharing! Sounds like you're really passionate about coding projects. Keep up the great work,It has its hips and down,45.3604,6.61,13,2,no,no,2,0.0625,0.4062,0.4,informal,prompt_013,informal,0.84,informal,0.66,informal,0.86,informal,0.89,2,32,0,data/edit_traces/P006/3d6f1dfa-5b2a-4d51-a061-3c2ac8e89aa1.json,,
2026-05-20T11:41:57,P006,PC,Email,Typing,"From: noreply@example.com
Subject: Quick question

What do you usually end up doing when you've got nothing going on?",Either I find a twitch stream to watch or search for an interesting youtube video,Nice! Sounds like a chill way to unwind. Thanks for sharing!,Indeed,27.874,32.29,83,0,no,no,0,0.0,1.0247,0.0,informal,prompt_014,informal,0.98,informal,0.7,formal,0.95,formal,0.81,0,81,0,data/edit_traces/P006/482324cf-c32b-45d0-9586-018e0c93ce4d.json,,
2026-05-20T11:43:04,P006,PC,Messenger,Typing,What's the latest thing you got kinda hooked on?,I recently jumped back into Deep Rock Galactic. It has great gameplay design.,Nice choice! That game sounds like a blast. Keep on rockin' !,ROCK AND STONE,25.159,31.0,102,9,no,no,9,0.1169,1.3247,0.6923,informal,prompt_015,informal,0.98,formal,0.99,formal,0.95,informal,0.83,9,77,0,data/edit_traces/P006/7bee750e-4afe-458b-acfd-a5e1957c30ef.json,,
2026-05-22T10:22:02,P007,pc,Email,Typing,"From: someone@example.com
Subject: Future travel plans

What is a place you would like to visit in the future, and what attracts you to it?","I would love to travel to Rome Italy, beacuse of its history and see all their old buildings and such.",,,80.64,14.88,133,14,no,no,14,0.1373,1.3039,0.7,formal,prompt_001,formal,0.98,formal,0.89,formal,0.65,formal,0.65,14,102,0,data/edit_traces/P006/d0ddaeeb-9b02-4ab1-82b5-4988b7c2da69.json,,
2026-05-22T10:24:03,P007,pc,Messenger,Typing,What role do routines play in your daily life?,"they work as a crudge, to make sure I remember to do specific things at given times, I am a quite forgetful person.",Thank you for sharing. Routines can definitely be a helpful tool for staying organized and on track.,"I agree, they truely are helpful, and without them I would probably by lost at times xD",43.233,31.92,139,11,no,no,11,0.0957,1.2087,0.4783,formal,prompt_002,formal,0.95,formal,1.0,formal,1.0,informal,0.96,10,115,0,data/edit_traces/P006/d93f4b2d-eb47-45a6-ac72-2e60d52532a4.json,,
2026-05-22T10:27:15,P007,mobile,Email,Swipe Typing,"From: colleague@example.com
Subject: Conversations

What makes a conversation feel enjoyable or productive to you?","When talking about opinions both feel interested in, or one where both get some sort of outcome, even if that outcome just is the enjoyment of the other person.",Thank you for sharing your thoughts on what makes a conversation enjoyable or productive. I appreciate your insights.,Np,67.3232,25.85,151,3,no,no,3,0.0187,0.9437,0.1034,formal,prompt_003,formal,0.51,formal,0.91,formal,1.0,informal,0.83,14,160,0,data/edit_traces/P007/97b87d7b-8548-4c0d-b0e6-d305d8f515be.json,,
2026-05-22T10:31:26,P007,mobile,Email,Typing,"From: advisor@example.com
Subject: Personal achievement

What is an achievement you are personally satisfied with, and why does it matter to you?","Actually not quite sure, not really something I think about that often, I will come back to you when I have an answer.","Thank you for considering it. Take your time to reflect, I appreciate your thoughtfulness.",No problem.,139.229,9.91,63,6,no,no,6,0.0508,0.5339,0.2609,formal,prompt_004,formal,0.97,informal,0.76,formal,1.0,formal,0.97,17,118,0,data/edit_traces/P007/747badcf-1e85-4f94-b9ba-43b44e8296c5.json,,
2026-05-22T10:33:18,P007,mobile,Messenger,Typing,What type of environment helps you focus or work most effectively?,"Probably somewhere quiet, like a library, though preferably not alone, cause I can be quite lazy...",Thank you for sharing your preference. Working in a quiet environment can indeed be conducive to productivity.,I agree.,52.4632,18.3,101,6,no,no,6,0.0606,1.0202,0.375,formal,prompt_005,formal,0.98,informal,0.98,formal,1.0,formal,0.99,16,99,0,data/edit_traces/P007/c0507158-41b1-497f-bf59-78613135555c.json,,
2026-05-22T10:35:12,P007,mobile,Email,Swipe Typing,"From: friend@example.com
Subject: Weekend plans

So like, what's your favorite way of making the weekends pass?","Probably Gaming with friends, and sleeping. Not the most productive activities.",Thanks for sharing! Sometimes it's nice to just relax and unwind with friends.,Truely!,59.2947,11.13,23,0,no,no,0,0.0,0.2911,0.0,formal,prompt_006,informal,0.96,formal,0.99,formal,0.95,formal,0.96,11,79,0,data/edit_traces/P007/dbb3bfe6-0261-4a03-996c-766114b5cc5a.json,,
2026-05-20T12:08:31,P008,Mobile,Email,Swipe typing,"From: noreply@example.com
Subject: Quick question

What apps are you on the most besides you know like, texting people?",Facebook,Nice choice! Thanks for sharing.,You are welcome,147.3343,0.41,29,15,no,no,15,1.875,3.625,15.0,informal,prompt_010,informal,0.97,informal,0.86,formal,0.96,formal,0.77,19,8,0,data/edit_traces/P008/b571a546-e686-4199-b846-08b0ffc5d0f9.json,,
2026-05-20T12:11:38,P008,Mobile,Messenger,Swipe typing,What's something loads of people like that you just don't care about?,Attention,Thanks for sharing,You are welcome,80.2315,0.75,4,1,no,no,1,0.1111,0.4444,1.0,informal,prompt_011,informal,0.95,informal,0.73,informal,0.96,formal,0.77,1,9,0,data/edit_traces/P008/efb29833-314d-40be-bea7-169a4c96b90c.json,,
2026-05-20T12:16:49,P008,Mobile,Email,Typing,"From: noreply@example.com
Subject: Quick Question

What's something you've been meaning to try for ages but still haven't?",Sky diving.,Thanks for sharing! Skydiving sounds like an amazing adventure. Maybe it's time to finally take the leap.,Hahaha maybe...,205.3759,0.58,8,0,no,no,0,0.0,0.7273,0.0,informal,prompt_012,informal,0.98,formal,0.98,formal,0.99,informal,0.99,2,11,0,data/edit_traces/P008/14d3c9b2-fc29-4f7a-a582-8c7b330b0fc2.json,,
2026-05-20T12:18:52,P008,Mobile,Messenger,Typing,What's one thing you go on and on about without getting bored over it?,Listening to music.,Nice choice! Music is always a great topic to be passionate about. Keep on jamming!,Yeah.,44.0481,4.09,8,0,no,no,0,0.0,0.4211,0.0,informal,prompt_013,informal,0.84,formal,0.98,formal,0.99,formal,0.72,1,19,0,data/edit_traces/P008/ea226d99-d6b8-4a3a-b691-fea73e785831.json,,
2026-05-20T12:27:32,P008,PC,Email,Typing,"From: noreply@example.com
Subject: Quick question

What do you usually end up doing when you've got nothing going on?",Visit or call loved ones. Also like being alone sometimes.,"Nice, sounds like a good balance. Thanks for sharing.",You're welcome,242.2076,2.48,131,32,no,no,32,0.5517,2.2586,3.2,informal,prompt_014,informal,0.98,formal,0.99,formal,0.7,formal,0.92,33,58,0,data/edit_traces/P008/953bbf96-165f-43c1-abb7-c07c1a68f3ba.json,,
2026-05-20T12:30:30,P008,PC,Messenger,Typing,What's the latest thing you got kinda hooked on?,Semester project.,"Nice, good luck with your project!",Thank you.,62.6775,1.91,30,3,no,no,3,0.1765,1.7647,1.5,informal,prompt_015,informal,0.98,formal,0.96,informal,0.66,formal,1.0,3,17,0,data/edit_traces/P008/31f0d712-fe11-49b5-b225-c407117dc60c.json,,
2026-05-22T10:44:55,P009,pc,Email,Typing,"From: friend@example.com
Subject: Useful random skill

What's some random thing you know how to do that actually comes in handy","It is a very random skill, but having actual training in folding laundry from the military makes your closet look so much nicer. not very practical, but nice to look at.",Thanks for sharing that interesting skill! It's always nice to have a neat and organized closet.,It very much is!,116.4471,15.97,170,0,no,no,0,0.0,1.0059,0.0,formal,prompt_007,informal,1.0,formal,1.0,formal,0.88,formal,0.91,0,169,0,data/edit_traces/P008/2baf4423-5303-4ed9-820e-0bbfed846b20.json,,
2026-05-22T10:48:39,P009,pc,Messenger,Typing,"What kind of apps do you spend the most time on, other than messaging apps?","I mostly use my phone to either communicate or doomscroll tbh, so probably scrolling on instagram. if that doesn't count because instagram is partially a messaging app, then too good to to, as i use it a few times a month.",Thanks for sharing! Sounds like Instagram is a top pick for you. Have a great day!,Have a nice day as well!,87.2793,28.19,238,7,no,no,7,0.0315,1.0721,0.1707,formal,prompt_008,formal,0.95,formal,0.95,formal,0.96,formal,0.8,7,222,0,data/edit_traces/P008/a7e259d8-a7f1-4701-b179-8cb33b8b74b4.json,,
2026-05-22T10:52:52,P009,mobile,Email,Swipe Typing,"From: friend@example.com
Subject: Popular things

What's something people seem to enjoy that you just don't really get?","I find that most people enjoy meeting new people, but I honestly find it a little stressfull that you have to put up a good first impression. Although i might just be thinking about it too much.",Thanks for sharing your perspective. It's completely understandable to feel that way about meeting new people.,I think it's a quite natural response as well ,92.4423,24.01,233,19,no,no,19,0.0979,1.201,0.5135,formal,prompt_009,informal,0.99,formal,0.98,formal,1.0,formal,0.85,20,194,0,data/edit_traces/P009/fccd872f-e16b-43d9-b6c4-334fe5ab2d4e.json,,
2026-05-22T10:56:00,P009,mobile,Messenger,Typing,What's something you've always wanted to try but never got around to?,I've had diving in my bucket list for as long as I can remember. So definitely that,Thank you for sharing. Diving sounds like a thrilling adventure!,It sure does!,106.832,9.55,44,7,no,no,7,0.0843,0.5301,0.4118,formal,prompt_010,informal,0.89,informal,0.53,formal,0.99,formal,0.87,56,83,0,data/edit_traces/P009/bdbcd38d-605c-43fa-99c6-746b519820dc.json,,
2026-05-22T10:58:09,P009,mobile,Email,Swipe Typing,"From: someone@example.com
Subject: Future travel plans

What is a place you would like to visit in the future, and what attracts you to it?","Probably japan, I've seen a lot of Japanese media and such of the place, and it looks beautiful!",Thank you for sharing your interest in Japan. It truly is a beautiful destination with a rich culture and stunning landscapes.,"It definitely looks like it, hope it is in reality too!",55.0434,19.62,116,11,no,no,11,0.1146,1.2083,0.6111,formal,prompt_001,formal,0.98,informal,0.72,formal,1.0,informal,0.78,36,96,0,data/edit_traces/P009/313f2d59-960c-4c40-bf84-0d3b2a05d03c.json,,
2026-05-22T11:00:24,P009,mobile,Messenger,Typing,What role do routines play in your daily life?,"They help keep my daily life stable, and let me keep those things in the background, so that I can focus on what I feel is more important.",Thanks for sharing how routines benefit you. It's great to hear how they provide stability and allow you to prioritize what's important.,They really are great to have,62.8118,26.75,141,0,no,no,0,0.0,1.0217,0.0,formal,prompt_002,formal,0.95,formal,0.99,formal,1.0,informal,0.61,11,138,0,data/edit_traces/P009/254b1ad5-420f-4029-ae50-d64f19f94023.json,,
2026-05-22T11:03:12,P009,mobile,Email,Typing,"From: colleague@example.com
Subject: Conversations

What makes a conversation feel enjoyable or productive to you?","That's is a subject that both participants have a fundamental understanding of, as well as an interest in.",Thank you for sharing your perspective on what makes a conversation engaging. Your insights are appreciated.,You are very welcome,47.4411,22.77,102,2,no,no,2,0.0189,0.9623,0.1111,formal,prompt_003,formal,0.51,formal,1.0,formal,1.0,formal,0.98,3,106,0,data/edit_traces/P009/f2c2efb2-e588-4dc1-a616-27af0b4e14b7.json,,
2026-05-20T13:06:23,P010,Mobile,Email,Swipe typing,"From: noreply@example.com
Subject: Quick question

What apps are you on the most besides you know like, texting people?",I Use Instagram the m ost or youtube,"Cool, thanks for sharing! Have a great day!",No problem have a good day,65.3117,7.35,20,2,no,no,2,0.0556,0.5556,0.25,informal,prompt_010,informal,0.97,informal,0.99,formal,0.94,informal,0.99,2,36,0,data/edit_traces/P010/90e24614-f641-4a10-8bea-2f10a7e94d12.json,,
2026-05-20T13:09:08,P010,Mobile,Messenger,Swipe typing,What's something loads of people like that you just don't care about?,Actors,"Got it, thanks for sharing!",No problem have a good day,38.6935,1.55,2,0,no,no,0,0.0,0.3333,0.0,informal,prompt_011,informal,0.95,informal,0.86,informal,0.84,informal,0.99,1,6,0,data/edit_traces/P010/872312fb-225c-419d-affb-f5195d8c2cf5.json,,
2026-05-20T13:11:20,P010,Mobile,Email,Typing,"From: noreply@example.com
Subject: Quick Question

What's something you've been meaning to try for ages but still haven't?",Maybe start running,Thanks for sharing! Running sounds like a great idea. Let me know if you need any tips to get started.,Yes what the best running shoes?,37.4153,4.81,50,15,no,no,15,0.7895,2.6316,5.0,informal,prompt_012,informal,0.98,informal,0.93,formal,0.99,informal,0.97,22,19,0,data/edit_traces/P010/45e38dff-709e-43dc-98e7-b921bdf9d852.json,,
2026-05-20T13:12:52,P010,Mobile,Messenger,Typing,What's one thing you go on and on about without getting bored over it?,Football,"Nice, football is always a good topic! Thanks for sharing.",No problem friend,23.9034,2.51,13,2,no,no,2,0.25,1.625,2.0,informal,prompt_013,informal,0.84,informal,0.86,formal,0.94,informal,0.97,3,8,0,data/edit_traces/P010/96554a67-b32f-4a6b-9ab4-d7118bc2bc71.json,,
2026-05-20T13:14:51,P010,PC,Email,Typing,"From: noreply@example.com
Subject: Quick question

What do you usually end up doing when you've got nothing going on?",watch youtube or netflix,"Cool, sounds relaxing! Thanks for sharing.",no problem,27.983,8.58,39,7,no,no,7,0.2917,1.625,1.75,informal,prompt_014,informal,0.98,informal,0.69,formal,0.97,informal,0.97,8,24,0,data/edit_traces/P010/c5d6e9a7-e470-4496-9cd5-83e09221328b.json,,
2026-05-20T13:16:32,P010,PC,Messenger,Typing,What's the latest thing you got kinda hooked on?,the lastest thing was climbing i joined a climbing gym,"Nice, climbing is so much fun! Keep enjoying the climb!",Yes is a nice sport,33.28,18.03,88,6,no,no,6,0.1111,1.6296,0.6,informal,prompt_015,informal,0.98,informal,0.98,formal,0.92,informal,0.74,12,54,0,data/edit_traces/P010/548246fc-d2e1-4c10-909b-778db5dbaebe.json,,
2026-05-22T11:10:27,P011,pc,Email,Typing,"From: friend@example.com
Subject: Popular things

What's something people seem to enjoy that you just don't really get?",I dont really get why people enjoy alcohol,Thanks for sharing your perspective on alcohol. It's interesting to hear different viewpoints on this topic.,"Yes i agree, i often find myself hearing differing opinions on this subject",78.8734,6.09,72,8,no,no,8,0.1905,1.7143,1.0,formal,prompt_009,informal,0.99,informal,1.0,formal,1.0,formal,0.78,2,42,0,data/edit_traces/P011/97c6c127-4b38-485b-a818-e87cf33f21df.json,,
2026-05-22T11:12:49,P011,pc,Messenger,Typing,What's something you've always wanted to try but never got around to?,I always wanted to try learning to draw properly and use that for animation however i never got around to it,That sounds like a fascinating skill to develop. Best of luck with your drawing and animation journey!,thank you very much! :D,77.6626,16.22,129,5,no,no,5,0.0463,1.1944,0.2381,formal,prompt_010,informal,0.89,informal,0.96,formal,0.99,informal,0.97,14,108,0,data/edit_traces/P011/b1dad6e8-3c71-4650-9e5d-03dd3570d409.json,,
2026-05-22T11:14:40,P011,mobile,Email,Swipe Typing,"From: someone@example.com
Subject: Future travel plans

What is a place you would like to visit in the future, and what attracts you to it?","I would like to visit Japan as the local culture, history and architecture facinates me","Thank you for sharing your interest in Japan. Its culture, history, and architecture are truly captivating.",Yes its amazing,43.7451,20.57,109,14,no,no,14,0.1609,1.2529,0.9333,formal,prompt_001,formal,0.98,formal,0.99,formal,1.0,informal,1.0,19,87,0,data/edit_traces/P011/4ad47890-b8e1-4666-bcde-78935f368f6b.json,,
2026-05-22T11:16:53,P011,mobile,Messenger,Typing,What role do routines play in your daily life?,I found routines to be helpful when dealing with stress,Thank you for sharing. Establishing routines for stress management is key.,Agreed,75.8105,7.91,47,16,no,no,16,0.2909,0.8545,1.6,formal,prompt_002,formal,0.95,formal,0.67,formal,1.0,informal,0.73,22,55,0,data/edit_traces/P011/ad5d9e43-a2b3-49f6-a93d-575b0c04ccce.json,,
2026-05-22T11:18:47,P011,mobile,Email,Typing,"From: colleague@example.com
Subject: Conversations

What makes a conversation feel enjoyable or productive to you?",When it doesn't jump to subjects unrelated to what we are supposed to do,Thanks for sharing your perspective on what makes a conversation enjoyable and productive. Staying focused on relevant topics is definitely key.,Definitely,76.2264,11.02,47,9,no,no,9,0.125,0.6528,0.6429,formal,prompt_003,formal,0.51,informal,0.56,formal,1.0,informal,0.72,17,72,0,data/edit_traces/P011/a621b74e-6a75-4788-a3e7-256b5b8c6de1.json,,
2026-05-22T11:20:44,P011,mobile,Messenger,Swipe Typing,"What is an achievement you are personally satisfied with, and why does it matter to you?",Reaching university as I found studying a rather difficult task back in my youth,"Thank you for sharing your achievement of reaching university, despite finding studying difficult in your youth. It's commendable.",Thanks,47.1627,17.81,74,0,no,no,0,0.0,0.925,0.0,formal,prompt_004,formal,1.0,informal,0.67,formal,1.0,informal,0.95,11,80,0,data/edit_traces/P011/0dcf3deb-392d-414b-9f5b-fea26efa7629.json,,
2026-05-20T13:34:18,P012,Mobile,Email,Swipe typing,"From: noreply@example.com
Subject: Quick question

What apps are you on the most besides you know like, texting people?",I mostly use a apps l like Strava and Messenger. As I like to track my sport of cycling and message my friends.,"Cool, thanks for sharing! Strava is great for cycling. Keep enjoying those rides!",I will! You should try it too. It's great for finding routes,225.508,6.12,48,16,no,no,16,0.1441,0.4324,0.6957,informal,prompt_010,informal,0.97,formal,0.96,formal,0.99,formal,0.81,36,111,0,data/edit_traces/P012/7dfc74db-49b3-4986-9ec5-79096418e501.json,,
2026-05-20T13:40:00,P012,Mobile,Messenger,Swipe typing,What's something loads of people like that you just don't care about?,Soccer is such a massive sport I don't get it. The matches are so long and there is so many games per league,Totally get that! Soccer isnt for everyone. Thanks for sharing your thoughts!,No problem I always like sharing my distaste for soccer,129.64,10.64,27,2,no,no,2,0.0185,0.25,0.087,informal,prompt_011,informal,0.95,informal,0.6,informal,0.65,informal,0.97,3,108,0,data/edit_traces/P012/00f1756f-28e8-490c-8a04-ee5a17582e9c.json,,
2026-05-20T13:43:22,P012,Mobile,Email,Typing,"From: noreply@example.com
Subject: Quick Question

What's something you've been meaning to try for ages but still haven't?",More experimental cooking as I always just cook simple dishes that I'm comfortable making,Thanks for sharing! Trying out some new recipes sounds like a fun adventure in the kitchen. Enjoy experimenting with your cooking!,Thanks hopefully I will try making some more dishes in the future,88.612,9.48,94,4,no,no,4,0.0449,1.0562,0.2857,informal,prompt_012,informal,0.98,informal,0.89,formal,0.99,informal,0.97,9,89,0,data/edit_traces/P012/3caa9250-9311-4110-9a34-31adf82754d1.json,,
2026-05-20T13:46:15,P012,Mobile,Messenger,Typing,What's one thing you go on and on about without getting bored over it?,Watching movies. There are always new ones coming out and I can always watch the good ones again,Love that for you,Me too,65.013,16.61,111,7,no,no,7,0.0729,1.1562,0.3889,informal,prompt_013,informal,0.84,informal,0.84,informal,0.61,informal,0.99,9,96,0,data/edit_traces/P012/29e9fcc6-cc17-4efe-a777-2763f3cb81d6.json,,
2026-05-20T13:49:51,P012,PC,Email,Typing,"From: noreply@example.com
Subject: Quick question

What do you usually end up doing when you've got nothing going on?",Video games is such an easy way to spend alot of time. Also doom scrolling on tiktok or instagram but that is arguably worse than gaming,"Thanks for sharing! Video games can definitely be a fun way to pass the time. Enjoy your gaming sessions!,",Its one of the best time spenders with tons of variety. I will enjoy my time thank you :),87.8808,17.75,208,35,no,no,35,0.2574,1.5294,1.3462,informal,prompt_014,informal,0.98,informal,0.98,formal,0.7,informal,0.99,35,136,0,data/edit_traces/P012/37fdef99-a8f6-448f-8a71-0894099a2137.json,,
2026-05-20T13:52:44,P012,PC,Messenger,Typing,What's the latest thing you got kinda hooked on?,Cycling is a new sport i picked up. Getting to explore my local area while getting some exercise is awesome,Nice one! Cycling is such a great way to stay active and discover new places. Keep enjoying the rides!,I have seen so many new places. Thank you i will!,96.2687,12.47,125,8,no,no,8,0.0748,1.1682,0.4,informal,prompt_015,informal,0.98,formal,0.93,formal,1.0,formal,0.95,8,107,0,data/edit_traces/P012/9ddfd62d-a107-419d-9ac5-a30d4bf197cf.json,,
2026-05-21T12:49:53,P014,Mobile,Email,Swipe typing,"From: noreply@example.com
Subject: Quick question

What apps are you on the most besides you know like, texting people?",Twitter,Thanks! Twitter is great for staying connected. See you online!,See you,79.754,0.75,0,0,no,no,0,0.0,0.0,0.0,informal,prompt_010,informal,0.97,informal,0.89,formal,0.96,informal,0.89,0,7,0,data/edit_traces/P1002/77cd673f-911d-4db1-b6f9-21e3fd1b30e1.json,,
2026-05-21T12:54:07,P014,Mobile,Messenger,Swipe typing,What's something loads of people like that you just don't care about?,Alcohol,"Got it, thanks for sharing!",Welcome,64.581,0.93,0,0,no,no,0,0.0,0.0,0.0,informal,prompt_011,informal,0.95,informal,0.71,informal,0.84,informal,0.76,0,7,0,data/edit_traces/P1002/d6783f22-6708-40dd-8e16-d2d3665034b6.json,,
2026-05-21T12:55:57,P014,Mobile,Email,Typing,"From: noreply@example.com
Subject: Quick Question

What's something you've been meaning to try for ages but still haven't?",Traveling to Spain,Nice choice! Spain sounds amazing. Hope you get to experience it soon!,Hope so,26.127,6.89,13,1,no,no,1,0.0556,0.7222,0.3333,informal,prompt_012,informal,0.98,informal,0.65,formal,0.96,informal,0.98,6,18,0,data/edit_traces/P1002/042e8a73-ee6f-4d21-8f1b-ae4d119ef256.json,,
2026-05-21T12:57:20,P014,Mobile,Messenger,Typing,What's one thing you go on and on about without getting bored over it?,Football,"Football is definitely a passion for many. Thanks for sharing!,",Welcome,47.799,1.26,6,0,no,no,0,0.0,0.75,0.0,informal,prompt_013,informal,0.84,informal,0.86,informal,0.6,informal,0.76,1,8,0,data/edit_traces/P1002/b92345c6-f1c8-47e5-8d88-3f69ecc4d6ba.json,,
2026-05-21T13:00:34,P014,PC,Email,Typing,"From: noreply@example.com
Subject: Quick question

What do you usually end up doing when you've got nothing going on?",Playing Games,"Cool! Gaming is a great way to unwind. Thanks for sharing!,",welcome,27.6793,4.34,20,1,no,no,1,0.0769,1.5385,0.5,informal,prompt_014,informal,0.98,informal,0.93,informal,0.86,informal,0.76,2,13,0,data/edit_traces/P1003/dc539cf8-de5e-425b-9f34-ed12293dca54.json,,
2026-05-21T13:02:11,P014,PC,Messenger,Typing,What's the latest thing you got kinda hooked on?,Weed,Nice choice! Enjoy responsibly.,thank you,38.1023,1.57,7,0,no,no,0,0.0,1.75,0.0,informal,prompt_015,informal,0.98,informal,0.92,formal,0.98,formal,0.86,0,4,0,data/edit_traces/P1003/e13d64e0-e1a7-400b-864c-10554bd7c0da.json,,
2026-05-22T11:44:03,P015,pc,Email,Typing,"From: colleague@example.com
Subject: Conversations

What makes a conversation feel enjoyable or productive to you?","A conversation feels enjoyable if all parties involved actively feel like they're contributing to the conversation and ideally, learn something as well.",Thank you for sharing your perspective on enjoyable conversations. Active participation and mutual learning are indeed key factors in making conversations productive.,No problem :),119.798,11.02,229,21,no,no,21,0.1382,1.5066,0.9545,formal,prompt_003,formal,0.51,formal,1.0,formal,1.0,informal,1.0,50,152,0,data/edit_traces/P013/261338a1-fef2-4d6e-882d-5d1ab99acf80.json,,
2026-05-22T11:48:02,P015,pc,Messenger,Typing,"What is an achievement you are personally satisfied with, and why does it matter to you?","I'm not entirely sure, I have lots of things I think I'm semi-proud of, but nothing extraordinary, really. Not sure.","Thank you for sharing. It's okay not to have one standout achievement, many small successes can also be meaningful.","Yeah, I agree. It's probably all about perspective, and what adds up to matter for you personally.",100.624,11.93,144,11,no,no,11,0.0948,1.2414,0.55,formal,prompt_004,formal,1.0,formal,0.97,formal,1.0,formal,0.97,11,116,0,data/edit_traces/P013/9cadc252-0ce5-4c3c-b079-8ebef9e38626.json,,
2026-05-22T11:54:33,P015,Mobile,Email,Swipe Typing,"From: advisor@example.com
Subject: Work environment

What type of environment helps you focus or work most effectively?","I'm honestly still kinda of figuring that out, but overall I think a collaborative space with a few people working together works best for me. It helps to have something external to add a little bit of pressure.",Thanks for sharing your preference for a collaborative work environment with some external pressure. Your insights will be valuable as we consider different working arrangements.,No problem :),151.1486,15.08,83,13,no,no,13,0.0616,0.3934,0.3421,formal,prompt_005,informal,0.93,informal,0.8,formal,1.0,informal,1.0,34,211,0,data/edit_traces/P013/038ef037-cc30-455c-8ba0-3dadefd10c86.json,,
2026-05-22T12:03:35,P015,Mobile,Messenger,Typing,What's some random thing you know how to do that actually comes in handy,"I know a few things when it comes to tech support, but it's not really so random, or uncommon. Still useful though. Other than that, not much (yet), but surely I'll learn something cool at some point.",,,113.0122,19.64,234,14,no,no,14,0.07,1.17,0.3784,formal,prompt_007,informal,0.97,formal,0.85,formal,0.65,formal,0.65,53,200,0,data/edit_traces/P013/06d5d4f1-0739-4147-b8e9-229f845f0b3a.json,,
2026-05-22T13:18:07,P015,Mobile,Email,Typing,"From: colleague@example.com
Subject: Conversations

What makes a conversation feel enjoyable or productive to you?","I think a conversation is productive if it teaches me something or furthers a goal, or if it fulfills a need i have, for instance the need for socialization.",Thank you for sharing your insights on what makes a conversation productive. Your perspective is valuable for our ongoing discussions.,No worries! :D,92.241,18.86,166,4,no,no,4,0.0255,1.0573,0.1379,formal,prompt_003,formal,0.51,formal,1.0,formal,1.0,informal,1.0,4,157,0,data/edit_traces/P013/20e13769-2647-4aba-aa66-b3c19e535f9d.json,,
2026-05-22T13:22:55,P015,Mobile,Messenger,Swipe Typing,"What is an achievement you are personally satisfied with, and why does it matter to you?",Thank you for sharing your achievement of deadlifting 150 pounds. It's clear your hard work paid off.,Thank you for sharing your achievement of deadlifting 150 pounds. It's clear your hard work paid off.,No problem :D,180.696,6.31,125,7,no,no,7,0.066,1.1792,0.3684,formal,prompt_004,formal,1.0,formal,1.0,formal,1.0,informal,0.95,7,106,0,data/edit_traces/P013/e7f1c73a-ae9f-42b1-b725-a10867cd587d.json,,
2026-05-25T12:54:18,P016,PC,Email,Typing,"From: noreply@example.com
Subject: Quick question

What apps are you on the most besides you know like, texting people?",Whatsapp,"Cool, thanks for sharing! Have a great day!",Thanks to you too,61.2533,0.98,8,0,no,no,0,0.0,1.0,0.0,informal,prompt_010,informal,0.97,informal,0.92,formal,0.94,informal,0.96,0,8,0,data/edit_traces/P016/fb9cc07f-05b6-48fc-95c0-0a9ed13049cb.json,,
2026-05-25T12:57:13,P016,PC,Messenger,Typing,What's something loads of people like that you just don't care about?,Fashion,"Thanks, same here with fashion!",Nice to know,27.14,2.21,7,0,no,no,0,0.0,1.0,0.0,informal,prompt_011,informal,0.95,informal,0.9,informal,0.96,informal,0.92,0,7,0,data/edit_traces/P016/af4dbf3f-32d1-47dc-af44-512d92d28001.json,,
2026-05-25T12:59:05,P016,Mobile,Email,Swipe typing,"From: noreply@example.com
Subject: Quick Question

What's something you've been meaning to try for ages but still haven't?",Travelling worldwide,Nice choice! Traveling the world is definitely worth it. Let me know if you need any tips or recommendations.,Its fine though for right now,36.3028,3.31,18,0,no,no,0,0.0,0.9,0.0,informal,prompt_012,informal,0.98,informal,0.76,formal,1.0,informal,1.0,0,20,0,data/edit_traces/P016/0e400550-ed7a-4bd4-9582-1cbffe12e7bf.json,,
2026-05-25T13:00:54,P016,Mobile,Messenger,Swipe typing,What's one thing you go on and on about without getting bored over it?,Reading books,Nice choice! Books are always a great topic to dive into. Thanks for sharing!,Thanks,34.2381,3.5,14,0,no,no,0,0.0,1.0769,0.0,informal,prompt_013,informal,0.84,informal,0.95,formal,0.98,informal,0.95,1,13,0,data/edit_traces/P016/b091f8b9-37d3-471b-b594-380dfb47567e.json,,
2026-05-25T13:04:14,P016,Mobile,Email,Typing,"From: noreply@example.com
Subject: Quick question

What do you usually end up doing when you've got nothing going on?",planning for next day,Thanks for sharing! Sounds like a good way to stay organized. Have a great day!,indeed it is great,37.8653,6.34,21,0,no,no,0,0.0,1.0,0.0,informal,prompt_014,informal,0.98,informal,0.89,formal,0.97,formal,0.86,0,21,0,data/edit_traces/P016/515d5473-fd68-4ac5-920c-1ab3cb26ac77.json,,
2026-05-25T13:06:08,P016,Mobile,Messenger,Typing,What's the latest thing you got kinda hooked on?,I tried new recipies,Nice! Any favorites so far?,not much,46.5199,5.16,43,13,no,no,13,0.65,2.15,3.25,informal,prompt_015,informal,0.98,informal,0.98,formal,0.94,informal,0.95,8,20,0,data/edit_traces/P016/f51f9574-1380-42f0-9f8d-a6f6c5ad29d2.json,,
2026-05-25T13:15:07,P018,PC,Messenger,Typing,"What apps are you on the most besides you know like, texting people?",whatsapp,"Cool, thanks for sharing! WhatsApp is a popular choice for sure.",yes correct,23.2689,2.58,9,0,no,no,0,0.0,1.125,0.0,informal,prompt_010,informal,0.81,informal,0.92,formal,0.91,informal,0.72,0,8,0,data/edit_traces/P018/10bde2fd-5b8f-4602-8eb1-9471b6c85dca.json,,
2026-05-25T13:18:27,P018,PC,Email,Typing,"From: noreply@example.com
Subject: Quick question

What's something loads of people like that you just don't care about?",right now i dont have anything particularly have in mind.,"Got it, no worries! Thanks for letting me know",ok,72.8367,8.24,63,3,no,no,3,0.0526,1.1053,0.3,informal,prompt_011,informal,0.99,informal,1.0,informal,0.71,informal,0.93,3,57,0,data/edit_traces/P018/2018e41d-2f7c-4b24-a20e-4b4f9bc77e1d.json,,
2026-05-25T13:24:14,P018,Mobile,Messenger,Typing,What's something you've been meaning to try for ages but still haven't?,Sky diving,Nice choice! Skydiving sounds like an amazing adventure. Let me know when you finally take the leap!,Still did not planned yet,39.1959,3.06,30,10,no,no,10,1.0,3.0,5.0,informal,prompt_012,informal,0.83,informal,0.81,formal,0.99,informal,0.78,10,10,0,data/edit_traces/P018/a61a8879-5c98-44a3-8f75-ae530ed8fb8c.json,,
2026-05-25T13:26:32,P018,Mobile,Email,Typing,"From: noreply@example.com
Subject: Quick question

What's one thing you go on and on about without getting bored over it?",Live world cup game,Nice choice! Watching a live World Cup game can definitely be exciting. Thanks for sharing!,No problem,60.6235,3.96,37,9,no,no,9,0.4737,1.9474,2.25,informal,prompt_013,informal,0.99,informal,0.93,formal,0.98,informal,0.97,10,19,0,data/edit_traces/P018/fcb19fcd-6f83-4e8e-9c3c-20443308ad8f.json,,
2026-05-25T13:28:48,P018,Mobile,Messenger,Swipe typing,What do you usually end up doing when you've got nothing going on?,Cant think of anything.,"No worries, thanks for letting me know! If you ever need ideas, feel free to ask.",Ok,46.174,5.2,23,0,no,no,0,0.0,1.0,0.0,informal,prompt_014,informal,0.62,informal,0.89,formal,0.86,informal,0.93,0,23,0,data/edit_traces/P018/da3ece63-d9c1-46f4-9f74-523614609a18.json,,
2026-05-25T13:30:01,P018,Mobile,Email,Swipe typing,"From: noreply@example.com
Subject: Quick question

What's the latest thing you got kinda hooked on?",Nothing really.,"Cool, thanks for letting me know! If something comes up, feel free to share.",Ok,27.2141,4.41,15,0,no,no,0,0.0,1.0,0.0,informal,prompt_015,informal,1.0,formal,0.97,formal,0.84,informal,0.93,0,15,0,data/edit_traces/P018/cd5a2546-a290-42a3-b808-abd1959c2c14.json,,
2026-05-31T11:45:36,P020,PC,Messenger,Typing,what's ur favorite place for lunch? I really want some good pizza,Bella italia is my favorite,Thanks for the suggestion! Bella Italia sounds great for pizza. Let's go there for lunch soon!,Sounds like a great idea when are you free?,24.3241,12.33,31,1,no,no,1,0.037,1.1481,0.2,informal,prompt_017,informal,1.0,formal,0.85,formal,0.97,informal,0.9,1,27,0,data/edit_traces/P020/5969cc8a-ff17-483c-8cdb-ce5332a95545.json,,
2026-05-31T11:49:16,P020,PC,Email,Typing,"From: friend@example.com
Subject: Free time

What do you usually end up doing when you've got nothing going on?","I usually play games or spend time with my girlfriend, what about you?","Nice, sounds like a good way to unwind! I usually catch up on TV shows or try out new recipes when I have some free time.",Sounds nice too we should hang out in the future,43.8883,17.77,81,4,no,no,4,0.0571,1.1571,0.3077,informal,prompt_015,informal,0.99,formal,0.8,formal,0.52,informal,1.0,5,70,0,data/edit_traces/P020/c48ee828-1521-45f1-9588-22f1bf8c56dc.json,,
2026-05-31T11:57:59,P020,Mobile,Messenger,Typing,"we're going gamling tonight, you in?",I don't gamble sorry,,,47.151,5.09,32,8,no,no,8,0.4,1.6,2.0,informal,prompt_020,informal,0.96,informal,0.96,formal,0.65,formal,0.65,9,20,0,data/edit_traces/P020/1e11f2f9-8ce8-4a0f-858b-e2fd9e7261be.json,,
2026-05-31T12:00:48,P020,Mobile,Email,Typing,"From: friend@example.com
Subject: Feeling proud

What's something you've done that you still feel pretty good about?",Helping the needy in the busses I take,,Yeah that's the point to show people how to act,40.629,11.81,40,1,no,no,1,0.0263,1.0526,0.125,informal,prompt_021,informal,0.99,informal,0.92,formal,0.65,informal,0.99,2,38,0,data/edit_traces/P020/7679b368-c727-4e42-9fd0-19bb9906218a.json,,
2026-05-31T12:05:51,P020,Mobile,Messenger,Swipe typing,What's something loads of people like that you just don't care about?,I don't know,,Of course,24.25,4.95,6,2,no,no,2,0.2222,0.6667,1.0,informal,prompt_012,informal,0.95,informal,0.79,formal,0.65,informal,0.92,32,9,0,data/edit_traces/P020/b79884c3-5898-42db-bba0-f848be4ce6ee.json,,
2026-05-31T12:08:35,P020,Mobile,Email,Swipe typing,"From: friend@example.com
Subject: Still to try

What's something you've been meaning to try for ages but still haven't?",I don't really know sorry,,I will sorry again,60.517,4.96,11,2,no,no,2,0.08,0.44,0.4,informal,prompt_013,informal,0.99,informal,0.97,formal,0.65,informal,0.77,12,25,0,data/edit_traces/P020/4aa98f4a-68f3-431e-beb0-e168eb591bc2.json,,
2026-05-25T15:04:49,P022,PC,Messenger,Typing,"What apps are you on the most besides you know like, texting people?","I use Instagram,LinkedIn,Apple Music most of the time",Nice! Thanks for sharing. Have a good one!,thanks and have a good day too,123.9687,3.87,72,9,no,no,9,0.1698,1.3585,1.125,informal,prompt_010,informal,0.81,informal,0.92,formal,0.97,informal,1.0,10,53,0,data/edit_traces/P1004/44b9a890-7e54-4f1d-ae16-a4a557be450c.json,,
2026-05-25T15:09:35,P022,PC,Email,Typing,"From: noreply@example.com
Subject: Quick question

What's something loads of people like that you just don't care about?","Lots Of peopel love drinking alcohol, but i really don't care about alcohol",Thanks for sharing! Alcohol isn't for everyone.,thanks too and have a nice day,161.788,4.82,105,15,no,no,15,0.2,1.4,1.1538,informal,prompt_011,informal,0.99,informal,0.99,formal,0.98,informal,0.99,15,75,0,data/edit_traces/P1004/a6c5adc8-25db-4429-9c26-e92e79bcbea7.json,,
2026-05-25T15:13:28,P022,Mobile,Messenger,Typing,What's something you've been meaning to try for ages but still haven't?,Sky diving is something I have always wanted to try but haven't tried yet,"Got it, thanks for letting me know.",Thanks too,38.807,21.65,64,0,no,no,0,0.0,0.8767,0.0,informal,prompt_012,informal,0.83,informal,0.98,informal,0.76,informal,0.99,9,73,0,data/edit_traces/P1005/9ba68558-7e35-427c-ba47-76230e7c545d.json,,
2026-05-25T15:15:23,P022,Mobile,Email,Typing,"From: noreply@example.com
Subject: Quick question

What's one thing you go on and on about without getting bored over it?",Playing video game is that thing that I love doing all the time,Thanks for sharing! Video games are so much fun,Yeah yeah,64.295,12.13,58,2,no,no,2,0.0317,0.9206,0.1538,informal,prompt_013,informal,0.99,informal,0.9,informal,0.84,informal,0.97,3,63,0,data/edit_traces/P1005/5204c838-a831-4f2b-8dba-40579bf641d2.json,,
2026-05-25T15:18:22,P022,Mobile,Messenger,Swipe typing,What do you usually end up doing when you've got nothing going on?,Sleeping is one thing I love doing when  I'm free,",Nice! Sounds like a good way to relax. Thanks for sharing!",Yes it is,112.322,5.34,21,11,no,no,11,0.2245,0.4286,1.1,informal,prompt_014,informal,0.62,informal,0.88,formal,0.97,informal,0.96,26,49,0,data/edit_traces/P1005/ba6758b3-f2be-447d-965e-1f8cbe65ecef.json,,
2026-05-25T15:20:15,P022,Mobile,Email,Swipe typing,"From: noreply@example.com
Subject: Quick question

What's the latest thing you got kinda hooked on?",Using ai bots,Nice choice! AI bots can be pretty fascinating. Thanks for sharing!,Yes they are impressive,63.571,2.83,4,0,no,no,0,0.0,0.3077,0.0,informal,prompt_015,informal,1.0,informal,0.62,formal,0.97,formal,0.71,0,13,0,data/edit_traces/P1005/68d4b2a9-f651-423d-9c99-fa298d927d7e.json,,
2026-05-25T15:35:55,P024,PC,Messenger,Typing,"What apps are you on the most besides you know like, texting people?","Twitter, Instagram, WhatsApp","Nice, good choices! Those are some solid apps for sure",Yeah,50.6543,3.55,32,0,no,no,0,0.0,1.1429,0.0,informal,prompt_010,informal,0.81,informal,0.96,informal,0.72,informal,0.98,0,28,0,data/edit_traces/P024/7375d891-c152-4622-a860-6e336fbd6e09.json,,
2026-05-25T15:40:40,P024,PC,Messenger,Typing,What's something you've been meaning to try for ages but still haven't?,Skydiving,Nice choice! Skydiving sounds like an exhilarating experience. Maybe it's time to finally take the leap!,Yeah!Can't wait to get to try it,10.678,5.62,9,1,no,no,1,0.1111,1.0,1.0,informal,prompt_012,informal,0.83,informal,0.65,formal,0.99,informal,0.98,5,9,0,data/edit_traces/P024/57f4d11c-2e95-4be7-9eb6-4b6ba142195f.json,,
2026-05-25T15:42:05,P024,Mobile,Email,Typing,"From: noreply@example.com
Subject: Quick question

What's one thing you go on and on about without getting bored over it?",Playing video games,"Cool, video games are awesome! Thanks for sharing.",You highly welcome.,25.1676,7.15,28,0,no,no,0,0.0,1.4737,0.0,informal,prompt_013,informal,0.99,informal,0.91,formal,0.87,formal,1.0,1,19,0,data/edit_traces/P024/c6aa5daa-3714-4851-9bd5-a9dfb3ed662e.json,,
2026-05-25T15:43:51,P024,Mobile,Messenger,Swipe typing,What do you usually end up doing when you've got nothing going on?,Listen to music as it fuels my imagination,"Cool, music can be so inspiring! Thanks for sharing.",You welcome,31.5641,15.21,34,4,no,no,4,0.0952,0.8095,0.5,informal,prompt_014,informal,0.62,formal,0.5,formal,0.88,informal,0.79,5,42,0,data/edit_traces/P024/0884c02d-7343-44ad-a995-83054fb0ce8d.json,,
2026-05-25T15:45:11,P024,Mobile,Email,Swipe typing,"From: noreply@example.com
Subject: Quick question

What's the latest thing you got kinda hooked on?",My woman is what I'm currently hooked on.,Nice one! Sounds like you've got a good thing going. Keep enjoying that!,Thank you,43.4339,11.05,45,11,no,no,11,0.2683,1.0976,1.375,informal,prompt_015,informal,1.0,formal,0.93,formal,0.87,formal,0.86,13,41,0,data/edit_traces/P024/98031fb4-64c3-47c1-b1e8-96ff23979aa3.json,,
2026-05-25T15:48:31,P024,Mobile,Email,Typing,"From: noreply@example.com
Subject: Quick question

What's something loads of people like that you just don't care about?",Seafood,Thanks for sharing! Seafood is definitely not for everyone.,You welcome. I agree,14.6187,4.1,11,0,no,no,0,0.0,1.5714,0.0,informal,prompt_011,informal,0.99,informal,0.59,formal,0.99,formal,0.99,0,7,0,data/edit_traces/P024/0b70ecd5-2708-4d8c-b9f9-e3e99b2645e4.json,,
2026-05-31T14:38:13,P026,PC,Messenger,Typing,what's ur favorite place for lunch? I really want some good pizza,"I love this pizzaria at the corner next to the grocerystore, they make amazing pizza","Yum, that place sounds delicious! Thanks for the recommendation!",You are very welcome! :),37.287,24.14,95,5,no,no,5,0.0595,1.131,0.3333,informal,prompt_017,informal,1.0,informal,0.85,informal,0.59,informal,0.99,5,84,0,data/edit_traces/P026/920765d4-352c-43ff-ac41-c71035f85b04.json,,
2026-05-31T14:41:07,P026,PC,Email,Typing,"From: friend@example.com
Subject: Free time

What do you usually end up doing when you've got nothing going on?","I love to workout or read books, I actually prefer to workout while i listen to audiobooks",Nice! Working out while listening to audiobooks sounds like a great way to stay active and entertained. Thanks for sharing!,"You are welcome, would you like to hear what kinds of books i listen to?",55.3095,18.44,116,12,no,no,12,0.1333,1.2889,0.7059,informal,prompt_015,informal,0.99,informal,0.53,formal,0.97,formal,0.99,12,90,0,data/edit_traces/P026/b99c81af-e57b-4fe0-bdee-fb182f79beea.json,,
2026-05-31T14:47:45,P026,Mobile,Messenger,Typing,"we're going gamling tonight, you in?","Oh sorry, I can't.. I have work in the morning",,Looking forward to it!,23.4078,25.63,58,3,no,no,3,0.0652,1.2609,0.3,informal,prompt_020,informal,0.96,informal,1.0,formal,0.65,formal,0.96,6,46,0,data/edit_traces/P026/5a471982-a46a-4659-b53c-572933cdaac6.json,,
2026-05-31T14:50:40,P026,Mobile,Email,Typing,"From: friend@example.com
Subject: Feeling proud

What's something you've done that you still feel pretty good about?",My education as a nurse. I'm proud of the work I do every day with my patients,,Thanks! What do you do for a living?,45.752,22.29,117,11,no,no,11,0.141,1.5,0.6471,informal,prompt_021,informal,0.99,formal,0.69,formal,0.65,formal,0.86,20,78,0,data/edit_traces/P026/1381d6a0-6df3-4c0c-b52b-afa67754d8a0.json,,
2026-05-31T14:55:22,P026,Mobile,Messenger,Swipe typing,What's something loads of people like that you just don't care about?,I really don't like,,,160.5594,0.75,65,18,no,no,18,6.0,21.6667,9.0,informal,prompt_012,informal,0.95,informal,0.86,formal,0.65,formal,0.65,28,3,0,data/edit_traces/P026/0f4f10a1-be9d-4181-ae19-1e9a3b6eaf10.json,,
2026-05-31T14:59:02,P026,Mobile,Email,Swipe typing,"From: friend@example.com
Subject: Still to try

What's something you've been meaning to try for ages but still haven't?",Cage diving with shorts,,Will do,69.2897,3.46,69,6,no,no,6,0.2609,3.0,1.5,informal,prompt_013,informal,0.99,informal,0.83,formal,0.65,informal,0.93,20,23,0,data/edit_traces/P026/4cbe99c1-dfbf-4212-840f-978d41101e4b.json,,
2026-05-31T15:04:05,P030,PC,Messenger,Typing,what's ur favorite place for lunch? I really want some good pizza,Azurra in the center of Aalborg,Thanks for the suggestion! I'll check out Azurra for some pizza.,"do that, you wont be disappointed",34.9498,10.3,37,1,no,no,1,0.0323,1.1935,0.1667,informal,prompt_017,informal,1.0,informal,0.88,formal,0.96,informal,1.0,2,31,0,data/edit_traces/P030/d955dca8-ad2f-4aa8-9d69-8ba554fadc6c.json,,
2026-05-31T15:09:53,P030,PC,Email,Typing,"From: friend@example.com
Subject: Favorite topic

What's one thing you go on and on about without getting bored over it?","Tv shows, i can watch them again and again, it helps me relax after a hard and long day at work, so when my family is going to bed, I turn on the TV and watch the first show that come to my mind.",Thanks for sharing! Sounds like a great way to unwind after a long day. Keep enjoying those shows!,"thank you, I will do that. I can recommend some shows for you, if you want.",142.9027,18.47,252,17,no,no,17,0.0872,1.2923,0.3864,informal,prompt_014,informal,0.99,formal,0.91,formal,0.99,formal,1.0,19,195,0,data/edit_traces/P030/a1e1f677-2c65-4264-814c-85cdca1dfa04.json,,
2026-05-31T15:15:05,P030,Mobile,Messenger,Typing,What's the latest thing you got kinda hooked on?,"Pokemon cards, I've started collecting with my wife",,"Thank you, it is very satisfiring.",33.042,14.53,57,2,no,no,2,0.0392,1.1176,0.25,informal,prompt_016,informal,0.98,informal,0.95,formal,0.65,formal,1.0,3,51,0,data/edit_traces/P030/f44ccdf2-3ef5-4f76-acda-8bb8565828d5.json,,
2026-05-31T15:18:15,P030,Mobile,Email,Typing,"From: friend@example.com
Subject: Most-used apps

What apps are you on the most besides you know like, texting people?","I use Messenger and Snapchat to test people, and also sms on my phone",,"It is easy to use, and the apps has some fun features.",84.178,9.98,116,17,no,no,17,0.2464,1.6812,1.2143,informal,prompt_011,informal,0.97,informal,0.67,formal,0.65,formal,0.98,18,69,0,data/edit_traces/P030/b60a5f2a-d825-4b53-9c21-0c2b0d4cb1ca.json,,
2026-05-31T15:29:30,P030,Mobile,Messenger,Swipe typing,What's a small thing that gets you amped up?,Football,,You are welcome,199.045,0.3,7,7,no,no,7,0.875,0.875,7.0,informal,prompt_018,informal,0.52,informal,0.86,formal,0.65,formal,0.77,28,8,0,data/edit_traces/P030/95613af3-a5b9-481c-adac-80aacd00d41f.json,,
2026-05-31T15:34:08,P030,Mobile,Email,Swipe typing,"From: friend@example.com
Subject: Making people laugh

Hey! I was wondering you had any tips on how to get some laughs out of people",The easiest way to make people laugh is to make a joke,,"I think so too, do you know any good jokes.",66.309,10.86,7,0,no,no,0,0.0,0.1296,0.0,informal,prompt_019,informal,0.88,informal,0.65,formal,0.65,formal,0.58,1,54,0,data/edit_traces/P030/c3ea3055-885c-402b-844f-a50e9296cf7c.json,,
